{"v":"5.5.1","fr":29.9700012207031,"ip":0,"op":151.000006150356,"w":1000,"h":1000,"nm":"Comp 2","ddd":1,"assets":[],"fonts":{"list":[{"fName":"GeoSlab703-Condensed","fFamily":"GeoSlab703-Condensed","fStyle":"Regular","ascent":72.148852609098}]},"layers":[{"ddd":0,"ind":1,"ty":4,"nm":"Shape Layer 5","td":1,"sr":1,"ks":{"o":{"a":0,"k":100,"ix":11},"r":{"a":0,"k":0,"ix":10},"p":{"a":0,"k":[500,500,0],"ix":2},"a":{"a":0,"k":[10,3,0],"ix":1},"s":{"a":0,"k":[100,100,100],"ix":6}},"ao":0,"shapes":[{"ty":"gr","it":[{"ty":"rc","d":1,"s":{"a":0,"k":[876,322],"ix":2},"p":{"a":0,"k":[0,0],"ix":3},"r":{"a":0,"k":0,"ix":4},"nm":"Rectangle Path 1","mn":"ADBE Vector Shape - Rect","hd":false},{"ty":"st","c":{"a":0,"k":[1,0,0,1],"ix":3},"o":{"a":0,"k":100,"ix":4},"w":{"a":0,"k":0,"ix":5},"lc":1,"lj":1,"ml":4,"bm":0,"nm":"Stroke 1","mn":"ADBE Vector Graphic - Stroke","hd":false},{"ty":"fl","c":{"a":0,"k":[0.43137254902,0.564705882353,0.525490196078,1],"ix":4},"o":{"a":0,"k":100,"ix":5},"r":1,"bm":0,"nm":"Fill 1","mn":"ADBE Vector Graphic - Fill","hd":false},{"ty":"tr","p":{"a":0,"k":[10,3],"ix":2},"a":{"a":0,"k":[0,0],"ix":1},"s":{"a":0,"k":[100,100],"ix":3},"r":{"a":0,"k":0,"ix":6},"o":{"a":0,"k":100,"ix":7},"sk":{"a":0,"k":0,"ix":4},"sa":{"a":0,"k":0,"ix":5},"nm":"Transform"}],"nm":"Rectangle 1","np":3,"cix":2,"bm":0,"ix":1,"mn":"ADBE Vector Group","hd":false}],"ip":0,"op":900.000036657751,"st":0,"bm":0},{"ddd":1,"ind":2,"ty":5,"nm":"GO","tt":1,"sr":1,"ks":{"o":{"a":0,"k":100,"ix":11},"rx":{"a":0,"k":0,"ix":8},"ry":{"a":0,"k":0,"ix":9},"rz":{"a":0,"k":0,"ix":10},"or":{"a":0,"k":[0,0,0],"ix":7},"p":{"a":1,"k":[{"i":{"x":0.667,"y":1},"o":{"x":0.167,"y":0.167},"t":110,"s":[500,800,0],"to":[0,-50,0],"ti":[0,50,0]},{"i":{"x":0.833,"y":0.833},"o":{"x":0.333,"y":0.333},"t":120,"s":[500,500,0],"to":[0,0,0],"ti":[0,0,0]},{"i":{"x":0.833,"y":0.833},"o":{"x":0.167,"y":0.167},"t":140,"s":[500,500,0],"to":[0,0,0],"ti":[0,0,0]},{"t":150.000006109625,"s":[1232,500,0]}],"ix":2},"a":{"a":0,"k":[-1.998,-102.173,0],"ix":1},"s":{"a":0,"k":[100,100,100],"ix":6}},"ao":0,"ef":[{"ty":5,"nm":"CC Force Motion Blur","np":6,"mn":"CC Force Motion Blur","ix":1,"en":1,"ef":[{"ty":0,"nm":"Motion Blur Samples","mn":"CC Force Motion Blur-0001","ix":1,"v":{"a":0,"k":8,"ix":1}},{"ty":7,"nm":"Override Shutter Angle","mn":"CC Force Motion Blur-0002","ix":2,"v":{"a":0,"k":1,"ix":2}},{"ty":0,"nm":"Shutter Angle","mn":"CC Force Motion Blur-0003","ix":3,"v":{"a":0,"k":180,"ix":3}},{"ty":7,"nm":"Native Motion Blur","mn":"CC Force Motion Blur-0004","ix":4,"v":{"a":0,"k":2,"ix":4}}]}],"t":{"d":{"k":[{"s":{"s":300,"f":"GeoSlab703-Condensed","t":"GO","j":2,"tr":0,"lh":360,"ls":0,"fc":[0.388,0.667,0.737]},"t":0}]},"p":{},"m":{"g":1,"a":{"a":0,"k":[0,0],"ix":2}},"a":[]},"ip":0,"op":900.000036657751,"st":0,"bm":0},{"ddd":0,"ind":3,"ty":4,"nm":"Shape Layer 4","td":1,"sr":1,"ks":{"o":{"a":0,"k":100,"ix":11},"r":{"a":0,"k":0,"ix":10},"p":{"a":0,"k":[500,500,0],"ix":2},"a":{"a":0,"k":[10,3,0],"ix":1},"s":{"a":0,"k":[100,100,100],"ix":6}},"ao":0,"shapes":[{"ty":"gr","it":[{"ty":"rc","d":1,"s":{"a":0,"k":[876,322],"ix":2},"p":{"a":0,"k":[0,0],"ix":3},"r":{"a":0,"k":0,"ix":4},"nm":"Rectangle Path 1","mn":"ADBE Vector Shape - Rect","hd":false},{"ty":"st","c":{"a":0,"k":[1,0,0,1],"ix":3},"o":{"a":0,"k":100,"ix":4},"w":{"a":0,"k":0,"ix":5},"lc":1,"lj":1,"ml":4,"bm":0,"nm":"Stroke 1","mn":"ADBE Vector Graphic - Stroke","hd":false},{"ty":"fl","c":{"a":0,"k":[0.43137254902,0.564705882353,0.525490196078,1],"ix":4},"o":{"a":0,"k":100,"ix":5},"r":1,"bm":0,"nm":"Fill 1","mn":"ADBE Vector Graphic - Fill","hd":false},{"ty":"tr","p":{"a":0,"k":[10,3],"ix":2},"a":{"a":0,"k":[0,0],"ix":1},"s":{"a":0,"k":[100,100],"ix":3},"r":{"a":0,"k":0,"ix":6},"o":{"a":0,"k":100,"ix":7},"sk":{"a":0,"k":0,"ix":4},"sa":{"a":0,"k":0,"ix":5},"nm":"Transform"}],"nm":"Rectangle 1","np":3,"cix":2,"bm":0,"ix":1,"mn":"ADBE Vector Group","hd":false}],"ip":0,"op":900.000036657751,"st":0,"bm":0},{"ddd":0,"ind":4,"ty":5,"nm":"1","tt":1,"sr":1,"ks":{"o":{"a":0,"k":100,"ix":11},"r":{"a":0,"k":0,"ix":10},"p":{"a":1,"k":[{"i":{"x":0.667,"y":1},"o":{"x":0.167,"y":0.167},"t":80,"s":[500,216,0],"to":[0,47.333,0],"ti":[0,-47.333,0]},{"i":{"x":0.833,"y":0.833},"o":{"x":0.167,"y":0.167},"t":90,"s":[500,500,0],"to":[0,0,0],"ti":[0,0,0]},{"i":{"x":0.667,"y":1},"o":{"x":0.167,"y":0.167},"t":110,"s":[500,500,0],"to":[0,-47,0],"ti":[0,47,0]},{"t":120.0000048877,"s":[500,218,0]}],"ix":2},"a":{"a":0,"k":[-1.998,-102.173,0],"ix":1},"s":{"a":0,"k":[100,100,100],"ix":6}},"ao":0,"t":{"d":{"k":[{"s":{"s":300,"f":"GeoSlab703-Condensed","t":"1","j":2,"tr":0,"lh":360,"ls":0,"fc":[0.388,0.667,0.737]},"t":0}]},"p":{},"m":{"g":1,"a":{"a":0,"k":[0,0],"ix":2}},"a":[]},"ip":0,"op":900.000036657751,"st":0,"bm":0},{"ddd":0,"ind":5,"ty":4,"nm":"Shape Layer 3","td":1,"sr":1,"ks":{"o":{"a":0,"k":100,"ix":11},"r":{"a":0,"k":0,"ix":10},"p":{"a":0,"k":[500,500,0],"ix":2},"a":{"a":0,"k":[10,3,0],"ix":1},"s":{"a":0,"k":[100,100,100],"ix":6}},"ao":0,"shapes":[{"ty":"gr","it":[{"ty":"rc","d":1,"s":{"a":0,"k":[876,322],"ix":2},"p":{"a":0,"k":[0,0],"ix":3},"r":{"a":0,"k":0,"ix":4},"nm":"Rectangle Path 1","mn":"ADBE Vector Shape - Rect","hd":false},{"ty":"st","c":{"a":0,"k":[1,0,0,1],"ix":3},"o":{"a":0,"k":100,"ix":4},"w":{"a":0,"k":0,"ix":5},"lc":1,"lj":1,"ml":4,"bm":0,"nm":"Stroke 1","mn":"ADBE Vector Graphic - Stroke","hd":false},{"ty":"fl","c":{"a":0,"k":[0.43137254902,0.564705882353,0.525490196078,1],"ix":4},"o":{"a":0,"k":100,"ix":5},"r":1,"bm":0,"nm":"Fill 1","mn":"ADBE Vector Graphic - Fill","hd":false},{"ty":"tr","p":{"a":0,"k":[10,3],"ix":2},"a":{"a":0,"k":[0,0],"ix":1},"s":{"a":0,"k":[100,100],"ix":3},"r":{"a":0,"k":0,"ix":6},"o":{"a":0,"k":100,"ix":7},"sk":{"a":0,"k":0,"ix":4},"sa":{"a":0,"k":0,"ix":5},"nm":"Transform"}],"nm":"Rectangle 1","np":3,"cix":2,"bm":0,"ix":1,"mn":"ADBE Vector Group","hd":false}],"ip":0,"op":900.000036657751,"st":0,"bm":0},{"ddd":0,"ind":6,"ty":5,"nm":"2","tt":1,"sr":1,"ks":{"o":{"a":0,"k":100,"ix":11},"r":{"a":0,"k":0,"ix":10},"p":{"a":1,"k":[{"i":{"x":0.667,"y":1},"o":{"x":0.167,"y":0.167},"t":50,"s":[500,216,0],"to":[0,47.333,0],"ti":[0,-47.333,0]},{"i":{"x":0.833,"y":0.833},"o":{"x":0.167,"y":0.167},"t":60,"s":[500,500,0],"to":[0,0,0],"ti":[0,0,0]},{"i":{"x":0.667,"y":1},"o":{"x":0.167,"y":0.167},"t":80,"s":[500,500,0],"to":[0,53.667,0],"ti":[0,-53.667,0]},{"t":90.0000036657751,"s":[500,822,0]}],"ix":2},"a":{"a":0,"k":[-1.998,-102.173,0],"ix":1},"s":{"a":0,"k":[100,100,100],"ix":6}},"ao":0,"t":{"d":{"k":[{"s":{"s":300,"f":"GeoSlab703-Condensed","t":"2","j":2,"tr":0,"lh":360,"ls":0,"fc":[0.388,0.667,0.737]},"t":0}]},"p":{},"m":{"g":1,"a":{"a":0,"k":[0,0],"ix":2}},"a":[]},"ip":0,"op":900.000036657751,"st":0,"bm":0},{"ddd":0,"ind":7,"ty":4,"nm":"Shape Layer 2","td":1,"sr":1,"ks":{"o":{"a":0,"k":100,"ix":11},"r":{"a":0,"k":0,"ix":10},"p":{"a":0,"k":[500,500,0],"ix":2},"a":{"a":0,"k":[10,3,0],"ix":1},"s":{"a":0,"k":[100,100,100],"ix":6}},"ao":0,"shapes":[{"ty":"gr","it":[{"ty":"rc","d":1,"s":{"a":0,"k":[876,322],"ix":2},"p":{"a":0,"k":[0,0],"ix":3},"r":{"a":0,"k":0,"ix":4},"nm":"Rectangle Path 1","mn":"ADBE Vector Shape - Rect","hd":false},{"ty":"st","c":{"a":0,"k":[1,0,0,1],"ix":3},"o":{"a":0,"k":100,"ix":4},"w":{"a":0,"k":0,"ix":5},"lc":1,"lj":1,"ml":4,"bm":0,"nm":"Stroke 1","mn":"ADBE Vector Graphic - Stroke","hd":false},{"ty":"fl","c":{"a":0,"k":[0.43137254902,0.564705882353,0.525490196078,1],"ix":4},"o":{"a":0,"k":100,"ix":5},"r":1,"bm":0,"nm":"Fill 1","mn":"ADBE Vector Graphic - Fill","hd":false},{"ty":"tr","p":{"a":0,"k":[10,3],"ix":2},"a":{"a":0,"k":[0,0],"ix":1},"s":{"a":0,"k":[100,100],"ix":3},"r":{"a":0,"k":0,"ix":6},"o":{"a":0,"k":100,"ix":7},"sk":{"a":0,"k":0,"ix":4},"sa":{"a":0,"k":0,"ix":5},"nm":"Transform"}],"nm":"Rectangle 1","np":3,"cix":2,"bm":0,"ix":1,"mn":"ADBE Vector Group","hd":false}],"ip":0,"op":900.000036657751,"st":0,"bm":0},{"ddd":0,"ind":8,"ty":5,"nm":"3","tt":1,"sr":1,"ks":{"o":{"a":0,"k":100,"ix":11},"r":{"a":0,"k":0,"ix":10},"p":{"a":1,"k":[{"i":{"x":0.667,"y":1},"o":{"x":0.167,"y":0.167},"t":20,"s":[500,216,0],"to":[0,47.333,0],"ti":[0,-47.333,0]},{"i":{"x":0.833,"y":0.833},"o":{"x":0.333,"y":0.333},"t":30,"s":[500,500,0],"to":[0,0,0],"ti":[0,0,0]},{"i":{"x":0.667,"y":1},"o":{"x":0.167,"y":0.167},"t":50,"s":[500,500,0],"to":[0,53.667,0],"ti":[0,-53.667,0]},{"t":60.0000024438501,"s":[500,822,0]}],"ix":2},"a":{"a":0,"k":[-1.998,-102.173,0],"ix":1},"s":{"a":0,"k":[100,100,100],"ix":6}},"ao":0,"t":{"d":{"k":[{"s":{"s":300,"f":"GeoSlab703-Condensed","t":"3","j":2,"tr":0,"lh":360,"ls":0,"fc":[0.388,0.667,0.737]},"t":0}]},"p":{},"m":{"g":1,"a":{"a":0,"k":[0,0],"ix":2}},"a":[]},"ip":0,"op":900.000036657751,"st":0,"bm":0},{"ddd":0,"ind":9,"ty":4,"nm":"Shape Layer 1","td":1,"sr":1,"ks":{"o":{"a":0,"k":100,"ix":11},"r":{"a":0,"k":0,"ix":10},"p":{"a":0,"k":[500,500,0],"ix":2},"a":{"a":0,"k":[10,3,0],"ix":1},"s":{"a":0,"k":[100,100,100],"ix":6}},"ao":0,"shapes":[{"ty":"gr","it":[{"ty":"rc","d":1,"s":{"a":0,"k":[876,322],"ix":2},"p":{"a":0,"k":[0,0],"ix":3},"r":{"a":0,"k":0,"ix":4},"nm":"Rectangle Path 1","mn":"ADBE Vector Shape - Rect","hd":false},{"ty":"st","c":{"a":0,"k":[1,0,0,1],"ix":3},"o":{"a":0,"k":100,"ix":4},"w":{"a":0,"k":0,"ix":5},"lc":1,"lj":1,"ml":4,"bm":0,"nm":"Stroke 1","mn":"ADBE Vector Graphic - Stroke","hd":false},{"ty":"fl","c":{"a":0,"k":[0.43137254902,0.564705882353,0.525490196078,1],"ix":4},"o":{"a":0,"k":100,"ix":5},"r":1,"bm":0,"nm":"Fill 1","mn":"ADBE Vector Graphic - Fill","hd":false},{"ty":"tr","p":{"a":0,"k":[10,3],"ix":2},"a":{"a":0,"k":[0,0],"ix":1},"s":{"a":0,"k":[100,100],"ix":3},"r":{"a":0,"k":0,"ix":6},"o":{"a":0,"k":100,"ix":7},"sk":{"a":0,"k":0,"ix":4},"sa":{"a":0,"k":0,"ix":5},"nm":"Transform"}],"nm":"Rectangle 1","np":3,"cix":2,"bm":0,"ix":1,"mn":"ADBE Vector Group","hd":false}],"ip":0,"op":900.000036657751,"st":0,"bm":0},{"ddd":0,"ind":10,"ty":5,"nm":"READY","tt":1,"sr":1,"ks":{"o":{"a":0,"k":100,"ix":11},"r":{"a":0,"k":0,"ix":10},"p":{"a":1,"k":[{"i":{"x":0.667,"y":1},"o":{"x":0.167,"y":0.167},"t":0,"s":[500,800,0],"to":[0,-50,0],"ti":[0,50,0]},{"i":{"x":0.833,"y":0.833},"o":{"x":0.333,"y":0.333},"t":10,"s":[500,500,0],"to":[0,0,0],"ti":[0,0,0]},{"i":{"x":0.667,"y":1},"o":{"x":0.167,"y":0.167},"t":20,"s":[500,500,0],"to":[0,48,0],"ti":[0,-48,0]},{"t":30.0000012219251,"s":[500,788,0]}],"ix":2},"a":{"a":0,"k":[-1.998,-102.173,0],"ix":1},"s":{"a":0,"k":[100,100,100],"ix":6}},"ao":0,"t":{"d":{"k":[{"s":{"s":300,"f":"GeoSlab703-Condensed","t":"READY","j":2,"tr":0,"lh":360,"ls":0,"fc":[0.388,0.667,0.737]},"t":0}]},"p":{},"m":{"g":1,"a":{"a":0,"k":[0,0],"ix":2}},"a":[]},"ip":0,"op":900.000036657751,"st":0,"bm":0}],"markers":[],"chars":[{"ch":"R","size":300,"style":"Regular","w":51.9,"data":{"shapes":[{"ty":"gr","it":[{"ind":0,"ty":"sh","ix":1,"ks":{"a":0,"k":{"i":[[0,0],[0,0],[-1.498,-1.139],[0,-2.93],[0,0],[1.627,-1.27],[3.45,0],[0,0]],"o":[[0,0],[3.776,0],[1.399,1.14],[0,0],[0,2.93],[-1.53,1.4],[0,0],[0,0]],"v":[[17.822,-61.621],[26.514,-61.621],[34.424,-59.912],[36.523,-53.809],[36.523,-47.314],[34.082,-41.016],[26.611,-38.916],[17.822,-38.916]],"c":true},"ix":2},"nm":"R","mn":"ADBE Vector Shape - Group","hd":false},{"ind":1,"ty":"sh","ix":2,"ks":{"a":0,"k":{"i":[[0,0],[0,0],[0,0],[0,0],[0,0],[-1.367,-1.009],[0,-2.734],[0,0],[0,0],[0,0],[0,0],[0,0],[1.563,1.563],[4.231,0.391],[-1.563,1.921],[0,4.037],[0,0],[2.803,2.295],[7.104,0],[0,0],[0,0],[0,0],[0,0],[0,0],[0,0]],"o":[[0,0],[0,0],[0,0],[0,0],[3.516,0],[1.27,1.14],[0,0],[0,0],[0,0],[0,0],[0,0],[0,-3.45],[-1.563,-1.465],[4.166,-0.684],[1.627,-1.823],[0,0],[0,-5.566],[-2.803,-2.295],[0,0],[0,0],[0,0],[0,0],[0,0],[0,0],[0,0]],"v":[[24.512,0],[24.512,-6.201],[17.822,-6.201],[17.822,-32.422],[27.588,-32.422],[34.912,-30.908],[36.816,-25.098],[36.816,0],[51.611,0],[51.611,-6.201],[44.922,-6.201],[44.922,-25.293],[42.578,-32.813],[33.887,-35.596],[42.48,-39.502],[44.922,-48.291],[44.922,-52.881],[40.717,-64.673],[25.857,-68.115],[2.441,-68.115],[2.441,-61.816],[9.131,-61.816],[9.131,-6.201],[2.441,-6.201],[2.441,0]],"c":true},"ix":2},"nm":"R","mn":"ADBE Vector Shape - Group","hd":false}],"nm":"R","np":5,"cix":2,"bm":0,"ix":1,"mn":"ADBE Vector Group","hd":false}]},"fFamily":"GeoSlab703-Condensed"},{"ch":"E","size":300,"style":"Regular","w":49.51,"data":{"shapes":[{"ty":"gr","it":[{"ind":0,"ty":"sh","ix":1,"ks":{"a":0,"k":{"i":[[0,0],[0,0],[0,0],[0,0],[0,0],[0,0],[0,0],[0,0],[0,0],[0,0],[0,0],[0,0],[0,0],[0,0],[0,0],[0,0],[0,0],[0,0],[0,0],[0,0]],"o":[[0,0],[0,0],[0,0],[0,0],[0,0],[0,0],[0,0],[0,0],[0,0],[0,0],[0,0],[0,0],[0,0],[0,0],[0,0],[0,0],[0,0],[0,0],[0,0],[0,0]],"v":[[45.605,0],[45.605,-19.824],[37.988,-19.824],[37.988,-6.494],[17.822,-6.494],[17.822,-32.91],[34.424,-32.91],[34.424,-39.99],[17.822,-39.99],[17.822,-61.621],[37.695,-61.621],[37.695,-49.902],[45.117,-49.902],[45.117,-68.115],[2.441,-68.115],[2.441,-61.816],[9.131,-61.816],[9.131,-6.201],[2.441,-6.201],[2.441,0]],"c":true},"ix":2},"nm":"E","mn":"ADBE Vector Shape - Group","hd":false}],"nm":"E","np":3,"cix":2,"bm":0,"ix":1,"mn":"ADBE Vector Group","hd":false}]},"fFamily":"GeoSlab703-Condensed"},{"ch":"A","size":300,"style":"Regular","w":53.71,"data":{"shapes":[{"ty":"gr","it":[{"ind":0,"ty":"sh","ix":1,"ks":{"a":0,"k":{"i":[[0,0],[0,0],[0,0]],"o":[[0,0],[0,0],[0,0]],"v":[[26.879,-58.301],[34.232,-27.49],[19.186,-27.49]],"c":true},"ix":2},"nm":"A","mn":"ADBE Vector Shape - Group","hd":false},{"ind":1,"ty":"sh","ix":2,"ks":{"a":0,"k":{"i":[[0,0],[0,0],[0,0],[0,0],[0,0],[0,0],[0,0],[0,0],[0,0],[0,0],[0,0],[0,0],[0,0],[0,0],[0,0],[0,0],[0,0],[0,0],[0,0],[0,0]],"o":[[0,0],[0,0],[0,0],[0,0],[0,0],[0,0],[0,0],[0,0],[0,0],[0,0],[0,0],[0,0],[0,0],[0,0],[0,0],[0,0],[0,0],[0,0],[0,0],[0,0]],"v":[[20.313,0],[20.313,-6.201],[13.361,-6.201],[17.474,-21.094],[35.945,-21.094],[39.763,-6.201],[32.861,-6.201],[32.861,0],[52.783,0],[52.783,-6.201],[48.182,-6.201],[33.253,-61.816],[39.959,-61.816],[39.959,-68.115],[14.39,-68.115],[14.39,-61.816],[20.898,-61.816],[5.97,-6.201],[0.732,-6.201],[0.732,0]],"c":true},"ix":2},"nm":"A","mn":"ADBE Vector Shape - Group","hd":false}],"nm":"A","np":5,"cix":2,"bm":0,"ix":1,"mn":"ADBE Vector Group","hd":false}]},"fFamily":"GeoSlab703-Condensed"},{"ch":"D","size":300,"style":"Regular","w":49.8,"data":{"shapes":[{"ty":"gr","it":[{"ind":0,"ty":"sh","ix":1,"ks":{"a":0,"k":{"i":[[0,0],[-2.539,-2.734],[0,-6.641],[0,0],[2.734,-2.995],[6.315,0],[0,0],[0,0]],"o":[[6.25,0],[2.604,2.702],[0,0],[0,6.804],[-2.734,2.93],[0,0],[0,0],[0,0]],"v":[[20.703,-61.621],[33.887,-57.52],[37.793,-43.506],[37.793,-25.586],[33.691,-10.889],[20.117,-6.494],[17.822,-6.494],[17.822,-61.621]],"c":true},"ix":2},"nm":"D","mn":"ADBE Vector Shape - Group","hd":false},{"ind":1,"ty":"sh","ix":2,"ks":{"a":0,"k":{"i":[[0,0],[0,0],[0,0],[0,0],[0,0],[0,0],[-3.813,4.199],[0,9.375],[0,0],[3.943,3.939],[9.874,0],[0,0]],"o":[[0,0],[0,0],[0,0],[0,0],[0,0],[8.537,0],[3.78,-4.231],[0,0],[0,-9.407],[-3.911,-3.743],[0,0],[0,0]],"v":[[2.441,-61.816],[9.131,-61.816],[9.131,-6.201],[2.441,-6.201],[2.441,0],[22.288,0],[40.814,-6.299],[46.484,-26.709],[46.484,-42.48],[40.569,-62.5],[19.892,-68.115],[2.441,-68.115]],"c":true},"ix":2},"nm":"D","mn":"ADBE Vector Shape - Group","hd":false}],"nm":"D","np":5,"cix":2,"bm":0,"ix":1,"mn":"ADBE Vector Group","hd":false}]},"fFamily":"GeoSlab703-Condensed"},{"ch":"Y","size":300,"style":"Regular","w":48.1,"data":{"shapes":[{"ty":"gr","it":[{"ind":0,"ty":"sh","ix":1,"ks":{"a":0,"k":{"i":[[0,0],[0,0],[0,0],[0,0],[0,0],[0,0],[0,0],[0,0],[0,0],[0,0],[0,0],[0,0],[0,0],[0,0],[0,0],[0,0],[0,0],[0,0],[0,0],[0,0],[0,0]],"o":[[0,0],[0,0],[0,0],[0,0],[0,0],[0,0],[0,0],[0,0],[0,0],[0,0],[0,0],[0,0],[0,0],[0,0],[0,0],[0,0],[0,0],[0,0],[0,0],[0,0],[0,0]],"v":[[1.221,-61.816],[5.908,-61.816],[19.092,-27.1],[19.092,-6.201],[12.402,-6.201],[12.402,0],[34.424,0],[34.424,-6.201],[27.686,-6.201],[27.686,-27.1],[42.48,-61.816],[47.021,-61.816],[47.021,-68.115],[28.711,-68.115],[28.711,-61.816],[34.717,-61.816],[23.779,-36.279],[14.6,-61.816],[20.605,-61.816],[20.605,-68.115],[1.221,-68.115]],"c":true},"ix":2},"nm":"Y","mn":"ADBE Vector Shape - Group","hd":false}],"nm":"Y","np":3,"cix":2,"bm":0,"ix":1,"mn":"ADBE Vector Group","hd":false}]},"fFamily":"GeoSlab703-Condensed"},{"ch":"3","size":300,"style":"Regular","w":38.92,"data":{"shapes":[{"ty":"gr","it":[{"ind":0,"ty":"sh","ix":1,"ks":{"a":0,"k":{"i":[[0,0],[-1.603,2.67],[0,5.209],[2.539,2.93],[4.72,0],[2.538,-2.93],[0,-5.924],[0,0],[0,0],[0,0],[-1.332,1.979],[-2.728,0],[-1.137,-1.721],[0,-3.574],[1.62,-1.689],[4.408,-0.098],[0,0],[0,0],[-1.46,-1.852],[0,-5.685],[1.137,-1.917],[2.728,0],[1.332,1.917],[0,3.932],[0,0],[0,0],[0,0],[-2.507,-3.194],[-4.785,0],[-2.67,3.093],[0,6.12],[1.733,3.093],[3.369,0.293]],"o":[[3.204,0],[1.602,-2.669],[0,-5.403],[-2.539,-2.93],[-4.915,0],[-2.474,2.898],[0,0],[0,0],[0,0],[0,-3.989],[1.331,-1.913],[2.403,0],[1.137,1.819],[0,4.938],[-1.556,1.722],[0,0],[0,0],[4.052,0],[1.459,1.917],[0,4.257],[-1.202,1.852],[-2.729,0],[-1.332,-1.917],[0,0],[0,0],[0,0],[0,6.126],[2.506,3.291],[5.305,0],[2.669,-2.995],[0,-5.762],[-1.733,-3.125],[0,0]],"v":[[24.074,-35.303],[31.285,-39.307],[33.689,-51.123],[29.881,-63.623],[18.993,-68.018],[7.813,-63.623],[4.102,-50.391],[4.102,-47.803],[10.971,-47.803],[10.971,-49.506],[12.968,-58.458],[19.058,-61.328],[24.369,-58.746],[26.074,-50.657],[23.643,-40.717],[14.697,-37.988],[14.697,-31.689],[15.816,-31.689],[24.083,-28.912],[26.271,-17.507],[24.566,-8.247],[18.67,-5.469],[12.579,-8.344],[10.581,-17.117],[10.581,-19.603],[3.418,-19.603],[3.418,-17.501],[7.178,-3.521],[18.115,1.416],[30.078,-3.223],[34.082,-16.895],[31.482,-30.176],[23.828,-35.303]],"c":true},"ix":2},"nm":"3","mn":"ADBE Vector Shape - Group","hd":false}],"nm":"3","np":3,"cix":2,"bm":0,"ix":1,"mn":"ADBE Vector Group","hd":false}]},"fFamily":"GeoSlab703-Condensed"},{"ch":"2","size":300,"style":"Regular","w":38.92,"data":{"shapes":[{"ty":"gr","it":[{"ind":0,"ty":"sh","ix":1,"ks":{"a":0,"k":{"i":[[0,0],[0,0],[-1.14,1.821],[-2.898,0],[-1.074,-1.398],[0,-3.252],[1.334,-3.74],[3.027,-4.91],[0,0],[0,0],[0,0],[0,0],[0,0],[0,0],[0,0],[0,0],[-1.4,3.874],[0,3.581],[2.669,2.637],[4.915,0],[2.36,-3.244],[0,-7.401],[0,0]],"o":[[0,0],[0,-6.374],[1.041,-1.854],[2.702,0],[1.204,1.334],[0,2.992],[-1.302,3.481],[0,0],[0,0],[0,0],[0,0],[0,0],[0,0],[0,0],[0,0],[2.93,-4.59],[1.27,-3.483],[0,-4.98],[-2.605,-2.604],[-5.339,0],[-2.361,3.244],[0,0],[0,0]],"v":[[10.596,-45.376],[10.596,-45.961],[12.305,-58.254],[18.213,-61.035],[23.877,-58.937],[25.684,-52.058],[23.682,-41.96],[17.188,-29.374],[3.32,-6.885],[3.32,0],[34.18,0],[34.18,-17.569],[27.197,-17.569],[27.197,-7.08],[11.621,-7.08],[25.488,-29.492],[31.982,-42.188],[33.887,-52.783],[29.883,-64.209],[18.604,-68.115],[7.056,-63.249],[3.516,-47.283],[3.516,-45.376]],"c":true},"ix":2},"nm":"2","mn":"ADBE Vector Shape - Group","hd":false}],"nm":"2","np":3,"cix":2,"bm":0,"ix":1,"mn":"ADBE Vector Group","hd":false}]},"fFamily":"GeoSlab703-Condensed"},{"ch":"1","size":300,"style":"Regular","w":38.92,"data":{"shapes":[{"ty":"gr","it":[{"ind":0,"ty":"sh","ix":1,"ks":{"a":0,"k":{"i":[[0,0],[0,0],[0,0],[0,0],[0,0],[0,0],[0,0],[0,0],[0,0],[0,0]],"o":[[0,0],[0,0],[0,0],[0,0],[0,0],[0,0],[0,0],[0,0],[0,0],[0,0]],"v":[[29.785,0],[29.785,-6.006],[23.877,-6.006],[23.877,-66.699],[10.01,-66.699],[10.01,-60.791],[15.576,-60.791],[15.576,-6.006],[10.01,-6.006],[10.01,0]],"c":true},"ix":2},"nm":"1","mn":"ADBE Vector Shape - Group","hd":false}],"nm":"1","np":3,"cix":2,"bm":0,"ix":1,"mn":"ADBE Vector Group","hd":false}]},"fFamily":"GeoSlab703-Condensed"},{"ch":"G","size":300,"style":"Regular","w":42.82,"data":{"shapes":[{"ty":"gr","it":[{"ind":0,"ty":"sh","ix":1,"ks":{"a":0,"k":{"i":[[0,0],[0,0],[0,0],[0,0],[0,0],[0,0],[0,0],[1.753,-2.37],[3.345,0],[1.624,2.114],[0,4.684],[0,0],[-1.656,2.147],[-3.442,0],[-1.494,-1.79],[-0.488,-4.134],[0,0],[0,0],[0,0],[0,0],[0,0],[2.013,0.977],[2.438,0],[3.055,-3.45],[0,-5.957],[0,0],[-3.104,-3.727],[-5.624,0],[-1.984,0.885],[-1.625,1.803]],"o":[[0,0],[0,0],[0,0],[0,0],[0,0],[0,0],[0,4.351],[-1.754,2.241],[-3.572,0],[-1.656,-2.049],[0,0],[0,-4.618],[1.753,-2.146],[2.89,0],[1.494,1.888],[0,0],[0,0],[0,0],[0,0],[0,0],[-1.462,-1.985],[-1.95,-1.041],[-5.396,0],[-3.12,3.516],[0,0],[0,6.706],[3.104,3.728],[2.535,0],[2.113,-0.951],[0,0]],"v":[[36.156,0],[40.186,0],[40.186,-32.08],[25.439,-32.08],[25.439,-24.902],[32.471,-24.902],[32.471,-19.106],[29.84,-9.025],[22.192,-5.664],[14.398,-8.835],[11.914,-18.934],[11.914,-49.133],[14.398,-59.28],[22.192,-62.5],[28.768,-59.814],[31.74,-50.781],[31.837,-49.316],[38.466,-49.316],[38.466,-68.115],[32.373,-68.115],[32.373,-63.379],[27.161,-67.822],[20.58,-69.385],[7.903,-64.209],[3.223,-50],[3.223,-19.824],[7.879,-4.175],[20.97,1.416],[27.748,0.089],[33.355,-4.041]],"c":true},"ix":2},"nm":"G","mn":"ADBE Vector Shape - Group","hd":false}],"nm":"G","np":3,"cix":2,"bm":0,"ix":1,"mn":"ADBE Vector Group","hd":false}]},"fFamily":"GeoSlab703-Condensed"},{"ch":"O","size":300,"style":"Regular","w":44.38,"data":{"shapes":[{"ty":"gr","it":[{"ind":0,"ty":"sh","ix":1,"ks":{"a":0,"k":{"i":[[3.223,3.516],[6.184,0],[3.157,-3.45],[0,-6.673],[0,0],[-3.255,-3.45],[-6.25,0],[-3.255,3.484],[0,6.609],[0,0]],"o":[[-3.255,-3.45],[-6.25,0],[-3.255,3.451],[0,0],[0,6.673],[3.157,3.484],[6.184,0],[3.223,-3.516],[0,0],[0,-6.608]],"v":[[36.377,-64.209],[22.217,-69.385],[8.105,-64.209],[3.223,-49.023],[3.223,-18.994],[8.105,-3.809],[22.217,1.416],[36.377,-3.809],[41.211,-18.994],[41.211,-49.023]],"c":true},"ix":2},"nm":"O","mn":"ADBE Vector Shape - Group","hd":false},{"ind":1,"ty":"sh","ix":2,"ks":{"a":0,"k":{"i":[[0,0],[1.692,-2.081],[3.516,0],[1.627,2.114],[0,4.684],[0,0],[-1.66,2.147],[-3.451,0],[-1.693,-2.163],[0,-4.585]],"o":[[0,4.651],[-1.66,2.114],[-3.581,0],[-1.66,-2.049],[0,0],[0,-4.618],[1.758,-2.146],[3.483,0],[1.692,2.163],[0,0]],"v":[[32.52,-18.934],[29.98,-8.835],[22.217,-5.664],[14.404,-8.835],[11.914,-18.934],[11.914,-49.133],[14.404,-59.28],[22.217,-62.5],[29.98,-59.255],[32.52,-49.133]],"c":true},"ix":2},"nm":"O","mn":"ADBE Vector Shape - Group","hd":false}],"nm":"O","np":5,"cix":2,"bm":0,"ix":1,"mn":"ADBE Vector Group","hd":false}]},"fFamily":"GeoSlab703-Condensed"}]}